{"cameraMode":{"drawMode":0,"name":"Shaded","section":"Shading Mode"},"sceneLighting":false,"audioPlay":false,"sceneViewState":{"m_AlwaysRefresh":false,"showFog":true,"showSkybox":false,"showFlares":true,"showImageEffects":true,"showParticleSystems":true,"showVisualEffectGraphs":true,"m_FxEnabled":true},"in2DMode":false,"pivot":{"x":1.2947858572006226,"y":0.13036052882671357,"z":-0.07291258126497269},"rotation":{"x":0.5517036318778992,"y":-0.0015088265063241125,"z":0.001001581083983183,"w":0.8340551853179932},"size":0.12936931848526,"orthographic":false}