{"cameraMode":{"drawMode":0,"name":"Shaded","section":"Shading Mode"},"sceneLighting":true,"audioPlay":false,"sceneViewState":{"m_AlwaysRefresh":false,"showFog":true,"showSkybox":true,"showFlares":true,"showImageEffects":true,"showParticleSystems":true,"showVisualEffectGraphs":true,"m_FxEnabled":true},"in2DMode":false,"pivot":{"x":-4.709158420562744,"y":1.639986276626587,"z":-1.6641194820404053},"rotation":{"x":0.5517036318778992,"y":-0.0015088265063241125,"z":0.001001581083983183,"w":0.8340551853179932},"size":5.475919723510742,"orthographic":false}